i,5,3,FALSO


Nome Vertice1


Nome Vertice2


Nome Vertice3


Nome Vertice4


Nome Vertice5


Nome Vertice6


Nome Vertice7


Nome Vertice8


Nome Vertice9


Nome Vertice10


Nome Vertice11


Nome Vertice12


Nome Vertice13


Nome Vertice14


Nome Vertice15


Nome Vertice16


Nome Vertice17


Nome Vertice18


Nome Vertice19


Nome Vertice20


Nome Vertice21


Nome Vertice22


Nome Vertice23


Nome Vertice24


Nome Vertice25


Nome Vertice26


Nome Vertice27


Nome Vertice28


Nome Vertice29


Nome Vertice30


Nome Vertice31


Nome Vertice32


Nome Vertice33


Nome Vertice34


Nome Vertice35


Nome Vertice36


Nome Vertice37


Nome Vertice38


Nome Vertice39


Nome Vertice40


Nome Vertice41


Nome Vertice42


Nome Vertice43


Nome Vertice44


Nome Vertice45


Nome Vertice46


Nome Vertice47


Nome Vertice48


Nome Vertice49


Nome Vertice50


Nome Vertice51


Nome Vertice52


Nome Vertice53


Nome Vertice54


Nome Vertice55


Nome Vertice56


Nome Vertice57


Nome Vertice58


Nome Vertice59


Nome Vertice60


Nome Vertice61


Nome Vertice62


Nome Vertice63


Nome Vertice64


Nome Vertice65


Nome Vertice66


Nome Vertice67


Nome Vertice68


Nome Vertice69


Nome Vertice70


Nome Vertice71


Nome Vertice72


Nome Vertice73


Nome Vertice74


Nome Vertice75


Nome Vertice76


Nome Vertice77


Nome Vertice78


Nome Vertice79


Nome Vertice80


Nome Vertice81


Nome Vertice82


Nome Vertice83


Nome Vertice84


Nome Vertice85


Nome Vertice86


Nome Vertice87


Nome Vertice88


Nome Vertice89


Nome Vertice90


Nome Vertice91


Nome Vertice92


Nome Vertice93


Nome Vertice94


Nome Vertice95


Nome Vertice96


Nome Vertice97


Nome Vertice98


Nome Vertice99


Nome Vertice100


Nome Vertice101


Nome Vertice102


Nome Vertice103


Nome Vertice104


Nome Vertice105


Nome Vertice106


Nome Vertice107


Nome Vertice108


Nome Vertice109


Nome Vertice110


Nome Vertice111


Nome Vertice112


Nome Vertice113


Nome Vertice114


Nome Vertice115


Nome Vertice116


Nome Vertice117


Nome Vertice118


Nome Vertice119


Nome Vertice120


Nome Vertice121


Nome Vertice122


Nome Vertice123


Nome Vertice124


Nome Vertice125


Nome Vertice126


Nome Vertice127


Nome Vertice128


Nome Vertice129


Nome Vertice130


Nome Vertice131


Nome Vertice132


Nome Vertice133


Nome Vertice134


Nome Vertice135


Nome Vertice136


Nome Vertice137


Nome Vertice138


Nome Vertice139


Nome Vertice140


Nome Vertice141


Nome Vertice142


Nome Vertice143


Nome Vertice144


Nome Vertice145


Nome Vertice146


Nome Vertice147


Nome Vertice148


Nome Vertice149


Nome Vertice150


Nome Vertice151


Nome Vertice152


Nome Vertice153


Nome Vertice154


Nome Vertice155


Nome Vertice156


Nome Vertice157


Nome Vertice158


Nome Vertice159


Nome Vertice160


Nome Vertice161


Nome Vertice162


Nome Vertice163


Nome Vertice164


Nome Vertice165


Nome Vertice166


Nome Vertice167


Nome Vertice168


Nome Vertice169


Nome Vertice170


Nome Vertice171


Nome Vertice172


Nome Vertice173


Nome Vertice174


Nome Vertice175


Nome Vertice176


Nome Vertice177


Nome Vertice178


Nome Vertice179


Nome Vertice180


Nome Vertice181


Nome Vertice182


Nome Vertice183


Nome Vertice184


Nome Vertice185


Nome Vertice186


Nome Vertice187


Nome Vertice188


Nome Vertice189


Nome Vertice190


Nome Vertice191


Nome Vertice192


Nome Vertice193


Nome Vertice194


Nome Vertice195


Nome Vertice196


Nome Vertice197


Nome Vertice198


Nome Vertice199


Nome Vertice200


Nome Vertice201


Nome Vertice202


Nome Vertice203


Nome Vertice204


Nome Vertice205


Nome Vertice206


Nome Vertice207


Nome Vertice208


Nome Vertice209


Nome Vertice210


Nome Vertice211


Nome Vertice212


Nome Vertice213


Nome Vertice214


Nome Vertice215


Nome Vertice216


Nome Vertice217


Nome Vertice218


Nome Vertice219


Nome Vertice220


Nome Vertice221


Nome Vertice222


Nome Vertice223


Nome Vertice224


Nome Vertice225


Nome Vertice226


Nome Vertice227


Nome Vertice228


Nome Vertice229


Nome Vertice230


Nome Vertice231


Nome Vertice232


Nome Vertice233


Nome Vertice234


Nome Vertice235


Nome Vertice236


Nome Vertice237


Nome Vertice238


Nome Vertice239


Nome Vertice240


Nome Vertice241


Nome Vertice242


Nome Vertice243


Nome Vertice244


Nome Vertice245


Nome Vertice246


Nome Vertice247


Nome Vertice248


Nome Vertice249


Nome Vertice250


Nome Vertice251


Nome Vertice252


Nome Vertice253


Nome Vertice254


Nome Vertice255


Nome Vertice256


Nome Vertice257


Nome Vertice258


Nome Vertice259


Nome Vertice260


Nome Vertice261


Nome Vertice262


Nome Vertice263


Nome Vertice264


Nome Vertice265


Nome Vertice266


Nome Vertice267


Nome Vertice268


Nome Vertice269


Nome Vertice270


Nome Vertice271


Nome Vertice272


Nome Vertice273


Nome Vertice274


Nome Vertice275


Nome Vertice276


Nome Vertice277


Nome Vertice278


Nome Vertice279


Nome Vertice280


Nome Vertice281


Nome Vertice282


Nome Vertice283


Nome Vertice284


Nome Vertice285


Nome Vertice286


Nome Vertice287


Nome Vertice288


Nome Vertice289


Nome Vertice290


Nome Vertice291


Nome Vertice292


Nome Vertice293


Nome Vertice294


Nome Vertice295


Nome Vertice296


Nome Vertice297


Nome Vertice298


Nome Vertice299


Nome Vertice300


Nome Vertice301


Nome Vertice302


Nome Vertice303


Nome Vertice304


Nome Vertice305


Nome Vertice306


Nome Vertice307


Nome Vertice308


Nome Vertice309


Nome Vertice310


Nome Vertice311


Nome Vertice312


Nome Vertice313


Nome Vertice314


Nome Vertice315


Nome Vertice316


Nome Vertice317


Nome Vertice318


Nome Vertice319


Nome Vertice320


Nome Vertice321


Nome Vertice322


Nome Vertice323


Nome Vertice324


Nome Vertice325


Nome Vertice326


Nome Vertice327


Nome Vertice328


Nome Vertice329


Nome Vertice330


Nome Vertice331


Nome Vertice332


Nome Vertice333


Nome Vertice334


Nome Vertice335


Nome Vertice336


Nome Vertice337


Nome Vertice338


Nome Vertice339


Nome Vertice340


Nome Vertice341


Nome Vertice342


Nome Vertice343


Nome Vertice344


Nome Vertice345


Nome Vertice346


Nome Vertice347


Nome Vertice348


Nome Vertice349


Nome Vertice350


Nome Vertice351


Nome Vertice352


Nome Vertice353


Nome Vertice354


Nome Vertice355


Nome Vertice356


Nome Vertice357


Nome Vertice358


Nome Vertice359


Nome Vertice360


Nome Vertice361


Nome Vertice362


Nome Vertice363


Nome Vertice364


